{"accuracy": [0.8009856343269348, 0.8296854496002197, 0.8476590514183044, 0.8756341338157654, 0.9020147919654846, 0.9139005541801453, 0.9199883937835693, 0.9253515005111694, 0.9320191144943237, 0.9423104524612427], "loss": [0.6494178175926208, 0.5386300086975098, 0.48611006140708923, 0.4020951986312866, 0.30705955624580383, 0.27100303769111633, 0.25453656911849976, 0.23235712945461273, 0.21032004058361053, 0.18856628239154816], "val_accuracy": [0.9330337643623352, 0.9388316869735718, 0.9701405763626099, 0.9762284159660339, 0.9798521399497986, 0.9770981073379517, 0.9827511310577393, 0.9701405763626099, 0.9779677987098694, 0.9868096709251404], "val_loss": [0.27170366048812866, 0.21539351344108582, 0.1256181001663208, 0.09664343297481537, 0.07892578840255737, 0.08590491861104965, 0.06415801495313644, 0.10589335113763809, 0.07952932268381119, 0.04862063005566597]}